Section,Analysis / output,Source object,Final export location,Status,Study-data execution
HMM 5.2,analysis_dataset,dat_all,01_Grazing_Behavior_Spatial_Aera/01_Tables/analysis_dataset.csv,Preserved,Not verified: original input datasets unavailable
HMM 5.2,daily_distance,Daily_DDT,01_Grazing_Behavior_Spatial_Aera/01_Tables/daily_distance.csv,Preserved,Not verified: original input datasets unavailable
HMM 5.2,monthly_distance,Monthly_DDT,01_Grazing_Behavior_Spatial_Aera/01_Tables/monthly_distance.csv,Preserved,Not verified: original input datasets unavailable
HMM 5.2,monthly_distance_filtered,Monthly_DDT_filtered,01_Grazing_Behavior_Spatial_Aera/01_Tables/monthly_distance_filtered.csv,Preserved,Not verified: original input datasets unavailable
HMM 5.2,daily_behavior_minutes,behavior_time,01_Grazing_Behavior_Spatial_Aera/01_Tables/daily_behavior_minutes.csv,Preserved,Not verified: original input datasets unavailable
HMM 5.2,daily_behavior_hours,behavior_hours,01_Grazing_Behavior_Spatial_Aera/01_Tables/daily_behavior_hours.csv,Preserved,Not verified: original input datasets unavailable
HMM 5.2,daily_behavior_hours_wide,behavior_hours_wide,01_Grazing_Behavior_Spatial_Aera/01_Tables/daily_behavior_hours_wide.csv,Preserved,Not verified: original input datasets unavailable
HMM 5.2,daily_behavior_hours_qc,behavior_hours_wide_qc,01_Grazing_Behavior_Spatial_Aera/01_Tables/daily_behavior_hours_qc.csv,Preserved,Not verified: original input datasets unavailable
HMM 5.2,excluded_behavior_days,excluded_days,01_Grazing_Behavior_Spatial_Aera/01_Tables/excluded_behavior_days.csv,Preserved,Not verified: original input datasets unavailable
HMM 5.2,grazing_monthly,df.Grazing_monthly,01_Grazing_Behavior_Spatial_Aera/01_Tables/grazing_monthly.csv,Preserved,Not verified: original input datasets unavailable
HMM 5.2,resting_monthly,df.Resting_monthly,01_Grazing_Behavior_Spatial_Aera/01_Tables/resting_monthly.csv,Preserved,Not verified: original input datasets unavailable
HMM 5.2,traveling_monthly,df.Traveling_monthly,01_Grazing_Behavior_Spatial_Aera/01_Tables/traveling_monthly.csv,Preserved,Not verified: original input datasets unavailable
HMM 5.2,grazing_monthly_flagged,df.Grazing_monthly_flagged,01_Grazing_Behavior_Spatial_Aera/01_Tables/grazing_monthly_flagged.csv,Preserved,Not verified: original input datasets unavailable
HMM 5.2,resting_monthly_flagged,df.Resting_monthly_flagged,01_Grazing_Behavior_Spatial_Aera/01_Tables/resting_monthly_flagged.csv,Preserved,Not verified: original input datasets unavailable
HMM 5.2,traveling_monthly_flagged,df.Traveling_monthly_flagged,01_Grazing_Behavior_Spatial_Aera/01_Tables/traveling_monthly_flagged.csv,Preserved,Not verified: original input datasets unavailable
HMM 5.2,grazing_monthly_filtered,df.Grazing_monthly_filtered,01_Grazing_Behavior_Spatial_Aera/01_Tables/grazing_monthly_filtered.csv,Preserved,Not verified: original input datasets unavailable
HMM 5.2,resting_monthly_filtered,df.Resting_monthly_filtered,01_Grazing_Behavior_Spatial_Aera/01_Tables/resting_monthly_filtered.csv,Preserved,Not verified: original input datasets unavailable
HMM 5.2,traveling_monthly_filtered,df.Traveling_monthly_filtered,01_Grazing_Behavior_Spatial_Aera/01_Tables/traveling_monthly_filtered.csv,Preserved,Not verified: original input datasets unavailable
HMM 5.2,rotation_schedule,behavior_rotation_schedule,01_Grazing_Behavior_Spatial_Aera/01_Tables/rotation_schedule.csv,Preserved,Not verified: original input datasets unavailable
HMM 5.2,behavior_gps_by_rotation,behavior_gps,01_Grazing_Behavior_Spatial_Aera/01_Tables/behavior_gps_by_rotation.csv,Preserved,Not verified: original input datasets unavailable
HMM 5.2,map_period_index,map_period_index,01_Grazing_Behavior_Spatial_Aera/01_Tables/map_period_index.csv,Preserved,Not verified: original input datasets unavailable
HMM 5.2,active_area_summary,active_area_summary,01_Grazing_Behavior_Spatial_Aera/01_Tables/active_area_summary.csv,Preserved,Not verified: original input datasets unavailable
HMM 5.2,whole_season_active_area_summary,season_active_summary,01_Grazing_Behavior_Spatial_Aera/01_Tables/whole_season_active_area_summary.csv,Preserved,Not verified: original input datasets unavailable
HMM 5.2,whole_season_map_index,season_map_index,01_Grazing_Behavior_Spatial_Aera/01_Tables/whole_season_map_index.csv,Preserved,Not verified: original input datasets unavailable
HMM 5.2,gps_active_area_lookup,gps_active_area_lookup,01_Grazing_Behavior_Spatial_Aera/01_Tables/gps_active_area_lookup.csv,Preserved,Not verified: original input datasets unavailable
HMM 5.2,Reference publication Table1/EMMs/letters/omnibus,Table_1_Grazing_Behaviors; table1_results,01_Grazing_Behavior_Spatial_Aera/01_Tables/Table_1_Grazing_Behaviors.xlsx,Consolidated,Not verified: original input datasets unavailable
HMM 5.3–5.5,"Four retained model objects, plots, distinct QC/final maps and GIS layers",model_objects; primary_figures; spatial_layers; behavior/active-area map lists,"01_Grazing_Behavior_Spatial_Aera/{02_Model_Results,03_Figures,04_Maps,05_Spatial_Data}",Preserved,Not verified: original input datasets unavailable
BW 6.2,missing_summary,missing_summary,02_Grazing_BW_AFRI/01_Tables/missing_summary.csv,Preserved,Not verified: original input datasets unavailable
BW 6.2,invalid_bw_records,invalid_bw_records,02_Grazing_BW_AFRI/01_Tables/invalid_bw_records.csv,Preserved,Not verified: original input datasets unavailable
BW 6.2,animal_day_duplicates,animal_day_duplicates,02_Grazing_BW_AFRI/01_Tables/animal_day_duplicates.csv,Preserved,Not verified: original input datasets unavailable
BW 6.2,design_counts,design_counts,02_Grazing_BW_AFRI/01_Tables/design_counts.csv,Preserved,Not verified: original input datasets unavailable
BW 6.2,pasture_assignment_check,pasture_assignment_check,02_Grazing_BW_AFRI/01_Tables/pasture_assignment_check.csv,Preserved,Not verified: original input datasets unavailable
BW 6.2,year_coverage,year_coverage,02_Grazing_BW_AFRI/01_Tables/year_coverage.csv,Preserved,Not verified: original input datasets unavailable
BW 6.2,animal_coverage,animal_coverage,02_Grazing_BW_AFRI/01_Tables/animal_coverage.csv,Preserved,Not verified: original input datasets unavailable
BW 6.2,extreme_bw_records,extreme_bw_records,02_Grazing_BW_AFRI/01_Tables/extreme_bw_records.csv,Preserved,Not verified: original input datasets unavailable
BW 6.2,abrupt_change_records,abrupt_change_records,02_Grazing_BW_AFRI/01_Tables/abrupt_change_records.csv,Preserved,Not verified: original input datasets unavailable
BW 6.2,bw_days_to_remove,bw_days_to_remove,02_Grazing_BW_AFRI/01_Tables/bw_days_to_remove.csv,Preserved,Not verified: original input datasets unavailable
BW 6.2,removed_bw_records,removed_bw_records,02_Grazing_BW_AFRI/01_Tables/removed_bw_records.csv,Preserved,Not verified: original input datasets unavailable
BW 6.2,bw_removal_by_reason,bw_removal_by_reason,02_Grazing_BW_AFRI/01_Tables/bw_removal_by_reason.csv,Preserved,Not verified: original input datasets unavailable
BW 6.2,bw_removal_summary,bw_removal_summary,02_Grazing_BW_AFRI/01_Tables/bw_removal_summary.csv,Preserved,Not verified: original input datasets unavailable
BW 6.2,p3_2024_removed,p3_2024_removed,02_Grazing_BW_AFRI/01_Tables/p3_2024_removed.csv,Preserved,Not verified: original input datasets unavailable
BW 6.2,bw_outside_spline_limits,bw_outside_spline_limits,02_Grazing_BW_AFRI/01_Tables/bw_outside_spline_limits.csv,Preserved,Not verified: original input datasets unavailable
BW 6.2,bw_summary_year,bw_summary_year,02_Grazing_BW_AFRI/01_Tables/bw_summary_year.csv,Preserved,Not verified: original input datasets unavailable
BW 6.2,bw_summary_groups,bw_summary_groups,02_Grazing_BW_AFRI/01_Tables/bw_summary_groups.csv,Preserved,Not verified: original input datasets unavailable
BW 6.2,daily_group_summary,daily_group_summary,02_Grazing_BW_AFRI/01_Tables/daily_group_summary.csv,Preserved,Not verified: original input datasets unavailable
BW 6.2,daily_pasture_summary,daily_pasture_summary,02_Grazing_BW_AFRI/01_Tables/daily_pasture_summary.csv,Preserved,Not verified: original input datasets unavailable
BW 6.2,animal_growth,animal_growth,02_Grazing_BW_AFRI/01_Tables/animal_growth.csv,Preserved,Not verified: original input datasets unavailable
BW 6.2,animal_growth_summary,animal_growth_summary,02_Grazing_BW_AFRI/01_Tables/animal_growth_summary.csv,Preserved,Not verified: original input datasets unavailable
BW 6.2,spline_model_diagnostics,spline_model_diagnostics,02_Grazing_BW_AFRI/01_Tables/spline_model_diagnostics.csv,Preserved,Not verified: original input datasets unavailable
BW 6.2,spline_extrapolation_audit,spline_extrapolation_audit,02_Grazing_BW_AFRI/01_Tables/spline_extrapolation_audit.csv,Preserved,Not verified: original input datasets unavailable
BW 6.2,animal_spline_predictions,animal_spline_predictions,02_Grazing_BW_AFRI/01_Tables/animal_spline_predictions.csv,Preserved,Not verified: original input datasets unavailable
BW 6.2,spline_trt_summary,spline_trt_summary,02_Grazing_BW_AFRI/01_Tables/spline_trt_summary.csv,Preserved,Not verified: original input datasets unavailable
BW 6.2,spline_pasture_summary,spline_pasture_summary,02_Grazing_BW_AFRI/01_Tables/spline_pasture_summary.csv,Preserved,Not verified: original input datasets unavailable
BW 6.2,spline_adg_summary,spline_adg_summary,02_Grazing_BW_AFRI/01_Tables/spline_adg_summary.csv,Preserved,Not verified: original input datasets unavailable
BW 6.2,spline_pasture_adg,spline_pasture_adg,02_Grazing_BW_AFRI/01_Tables/spline_pasture_adg.csv,Preserved,Not verified: original input datasets unavailable
BW 6.2,animal_spline_metrics,animal_spline_metrics,02_Grazing_BW_AFRI/01_Tables/animal_spline_metrics.csv,Preserved,Not verified: original input datasets unavailable
BW 6.2,spline_growth_summary,spline_growth_summary,02_Grazing_BW_AFRI/01_Tables/spline_growth_summary.csv,Preserved,Not verified: original input datasets unavailable
BW 6.2,spline_observed_fit,spline_observed_fit,02_Grazing_BW_AFRI/01_Tables/spline_observed_fit.csv,Preserved,Not verified: original input datasets unavailable
BW 6.2,spline_residual_summary,spline_residual_summary,02_Grazing_BW_AFRI/01_Tables/spline_residual_summary.csv,Preserved,Not verified: original input datasets unavailable
BW 6.2,largest_spline_residuals,largest_spline_residuals,02_Grazing_BW_AFRI/01_Tables/largest_spline_residuals.csv,Preserved,Not verified: original input datasets unavailable
BW 6.2,spline_linear_comparison,spline_linear_comparison,02_Grazing_BW_AFRI/01_Tables/spline_linear_comparison.csv,Preserved,Not verified: original input datasets unavailable
BW 6.2,spline_linear_agreement,spline_linear_agreement,02_Grazing_BW_AFRI/01_Tables/spline_linear_agreement.csv,Preserved,Not verified: original input datasets unavailable
BW 6.2,smooth_adg_anova,smooth_adg_anova,02_Grazing_BW_AFRI/01_Tables/smooth_adg_anova.csv,Preserved,Not verified: original input datasets unavailable
BW 6.2,smooth_adg_diagnostics_summary,smooth_adg_diagnostics_summary,02_Grazing_BW_AFRI/01_Tables/smooth_adg_diagnostics_summary.csv,Preserved,Not verified: original input datasets unavailable
BW 6.2,smooth_adg_variance_review,smooth_adg_variance_review,02_Grazing_BW_AFRI/01_Tables/smooth_adg_variance_review.csv,Preserved,Not verified: original input datasets unavailable
BW 6.2,smooth_adg_final_table,smooth_adg_final_table,02_Grazing_BW_AFRI/01_Tables/smooth_adg_final_table.csv,Preserved,Not verified: original input datasets unavailable
BW 6.2,tukey_trt_within_sr,tukey_trt_within_sr,02_Grazing_BW_AFRI/01_Tables/tukey_trt_within_sr.csv,Preserved,Not verified: original input datasets unavailable
BW 6.2,tukey_sr_within_trt,tukey_sr_within_trt,02_Grazing_BW_AFRI/01_Tables/tukey_sr_within_trt.csv,Preserved,Not verified: original input datasets unavailable
BW 6.2,shapefile_component_audit,shapefile_component_audit,02_Grazing_BW_AFRI/01_Tables/shapefile_component_audit.csv,Preserved,Not verified: original input datasets unavailable
BW 6.2,pasture_area_validation,pasture_area_validation,02_Grazing_BW_AFRI/01_Tables/pasture_area_validation.csv,Preserved,Not verified: original input datasets unavailable
BW 6.2,rotation_pasture_overlap,rotation_pasture_overlap,02_Grazing_BW_AFRI/01_Tables/rotation_pasture_overlap.csv,Preserved,Not verified: original input datasets unavailable
BW 6.2,rotation_area_validation,rotation_area_validation,02_Grazing_BW_AFRI/01_Tables/rotation_area_validation.csv,Preserved,Not verified: original input datasets unavailable
BW 6.2,period_table,period_table,02_Grazing_BW_AFRI/01_Tables/period_table.csv,Preserved,Not verified: original input datasets unavailable
BW 6.2,period_pasture_schedule,period_pasture_schedule,02_Grazing_BW_AFRI/01_Tables/period_pasture_schedule.csv,Preserved,Not verified: original input datasets unavailable
BW 6.2,uncovered_schedule_dates,uncovered_schedule_dates,02_Grazing_BW_AFRI/01_Tables/uncovered_schedule_dates.csv,Preserved,Not verified: original input datasets unavailable
BW 6.2,schedule_coverage_summary,schedule_coverage_summary,02_Grazing_BW_AFRI/01_Tables/schedule_coverage_summary.csv,Preserved,Not verified: original input datasets unavailable
BW 6.2,spline_period_animal_gain,spline_period_animal_gain,02_Grazing_BW_AFRI/01_Tables/spline_period_animal_gain.csv,Preserved,Not verified: original input datasets unavailable
BW 6.2,period_boundary_audit,period_boundary_audit,02_Grazing_BW_AFRI/01_Tables/period_boundary_audit.csv,Preserved,Not verified: original input datasets unavailable
BW 6.2,production_by_pasture_period,production_by_pasture_period,02_Grazing_BW_AFRI/01_Tables/production_by_pasture_period.csv,Preserved,Not verified: original input datasets unavailable
BW 6.2,production_system_summary,production_system_summary,02_Grazing_BW_AFRI/01_Tables/production_system_summary.csv,Preserved,Not verified: original input datasets unavailable
BW 6.2,production_sr_summary,production_sr_summary,02_Grazing_BW_AFRI/01_Tables/production_sr_summary.csv,Preserved,Not verified: original input datasets unavailable
BW 6.2,cumulative_pasture_production,cumulative_pasture_production,02_Grazing_BW_AFRI/01_Tables/cumulative_pasture_production.csv,Preserved,Not verified: original input datasets unavailable
BW 6.2,full_window_pasture_production,full_window_pasture_production,02_Grazing_BW_AFRI/01_Tables/full_window_pasture_production.csv,Preserved,Not verified: original input datasets unavailable
BW 6.2,seasonal_production_comparison,seasonal_production_comparison,02_Grazing_BW_AFRI/01_Tables/seasonal_production_comparison.csv,Preserved,Not verified: original input datasets unavailable
BW 6.2,pasture_use_RGP,pasture_use_RGP,02_Grazing_BW_AFRI/01_Tables/pasture_use_RGP.csv,Preserved,Not verified: original input datasets unavailable
BW 6.2,pasture_use_season,pasture_use_season,02_Grazing_BW_AFRI/01_Tables/pasture_use_season.csv,Preserved,Not verified: original input datasets unavailable
BW 6.2,pasture_use_descriptive,pasture_use_descriptive,02_Grazing_BW_AFRI/01_Tables/pasture_use_descriptive.csv,Preserved,Not verified: original input datasets unavailable
BW 6.2,pasture_use_model_audit,pasture_use_model_audit,02_Grazing_BW_AFRI/01_Tables/pasture_use_model_audit.csv,Preserved,Not verified: original input datasets unavailable
BW 6.2,pasture_use_model_design,pasture_use_model_design,02_Grazing_BW_AFRI/01_Tables/pasture_use_model_design.csv,Preserved,Not verified: original input datasets unavailable
BW 6.2,pasture_use_model_classes,pasture_use_model_classes,02_Grazing_BW_AFRI/01_Tables/pasture_use_model_classes.csv,Preserved,Not verified: original input datasets unavailable
BW 6.2,pasture_use_anova,pasture_use_anova,02_Grazing_BW_AFRI/01_Tables/pasture_use_anova.csv,Preserved,Not verified: original input datasets unavailable
BW 6.2,pasture_use_emmeans,pasture_use_emmeans,02_Grazing_BW_AFRI/01_Tables/pasture_use_emmeans.csv,Preserved,Not verified: original input datasets unavailable
BW 6.2,pasture_use_planned_contrasts,pasture_use_planned_contrasts,02_Grazing_BW_AFRI/01_Tables/pasture_use_planned_contrasts.csv,Preserved,Not verified: original input datasets unavailable
BW 6.2,pasture_use_final_tables,pasture_use_final_tables,02_Grazing_BW_AFRI/01_Tables/pasture_use_final_tables.csv,Preserved,Not verified: original input datasets unavailable
BW 6.2,pasture_use_variance_review,pasture_use_variance_review,02_Grazing_BW_AFRI/01_Tables/pasture_use_variance_review.csv,Preserved,Not verified: original input datasets unavailable
BW 6.2,pasture_use_diagnostics,pasture_use_diagnostics,02_Grazing_BW_AFRI/01_Tables/pasture_use_diagnostics.csv,Preserved,Not verified: original input datasets unavailable
BW 6.2–6.5,"Retained spline/ADG/area model objects, unique figures/maps, BW production GIS, export/MD5 audit",animal_spline_models; smooth_adg_model; pasture_use_models; period_production_sf,"02_Grazing_BW_AFRI/{02_Model_Results,03_Figures,04_Maps,05_Spatial_Data,06_Logs}",Consolidated,Not verified: original input datasets unavailable
GreenFeed 4.4,Input_Workbook_Audit,gf_import_audit,03_Grazing_GreenFeed_AFRI/01_Tables/Input_Workbook_Audit.csv,Consolidated,Not verified: original input datasets unavailable
GreenFeed 4.4,Dataset_Overview,eda_overview,03_Grazing_GreenFeed_AFRI/01_Tables/Dataset_Overview.csv,Consolidated,Not verified: original input datasets unavailable
GreenFeed 4.4,Unmatched_GreenFeed_Roster_Keys,"bind_rows(unmatched_greenfeed_2023 %>% mutate(Year = 2023L, Direction = ""GreenFeed missing roster""),      unmatched_greenfeed_2024 %>% mutate(Year = 2024L, Direction = ""GreenFeed missing roster""),      unmatched_greenfeed_2025 %>% mutate(Year = 2025L, Direction = ""GreenFeed missing roster""),      unmatched_steers_2023 %>% mutate(Year = 2023L, Direction = ""Roster without GreenFeed""),      unmatched_steers_2024 %>% mutate(Year = 2024L, Direction = ""Roster without GreenFeed""),      unmatched_steers_2025 %>% mutate(Year = 2025L, Direction = ""Roster without GreenFeed""))",03_Grazing_GreenFeed_AFRI/01_Tables/Unmatched_GreenFeed_Roster_Keys.csv,Consolidated,Not verified: original input datasets unavailable
GreenFeed 4.4,Missingness,missingness_summary,03_Grazing_GreenFeed_AFRI/01_Tables/Missingness.csv,Consolidated,Not verified: original input datasets unavailable
GreenFeed 4.4,Design_Balance,design_balance,03_Grazing_GreenFeed_AFRI/01_Tables/Design_Balance.csv,Consolidated,Not verified: original input datasets unavailable
GreenFeed 4.4,Animal_Assignment_Check,animal_assignment_check,03_Grazing_GreenFeed_AFRI/01_Tables/Animal_Assignment_Check.csv,Consolidated,Not verified: original input datasets unavailable
GreenFeed 4.4,Visit_QC,visit_qc_summary,03_Grazing_GreenFeed_AFRI/01_Tables/Visit_QC.csv,Consolidated,Not verified: original input datasets unavailable
GreenFeed 4.4,Valid_Visits_Per_Animal,visit_count_by_animal,03_Grazing_GreenFeed_AFRI/01_Tables/Valid_Visits_Per_Animal.csv,Consolidated,Not verified: original input datasets unavailable
GreenFeed 4.4,Visit_Target_Summary,visit_target_summary,03_Grazing_GreenFeed_AFRI/01_Tables/Visit_Target_Summary.csv,Consolidated,Not verified: original input datasets unavailable
GreenFeed 4.4,Animal_Coverage,animal_coverage,03_Grazing_GreenFeed_AFRI/01_Tables/Animal_Coverage.csv,Consolidated,Not verified: original input datasets unavailable
GreenFeed 4.4,Coverage_Summary,coverage_summary,03_Grazing_GreenFeed_AFRI/01_Tables/Coverage_Summary.csv,Consolidated,Not verified: original input datasets unavailable
GreenFeed 4.4,Animal_Emission_Summary,animal_emission_summary,03_Grazing_GreenFeed_AFRI/01_Tables/Animal_Emission_Summary.csv,Consolidated,Not verified: original input datasets unavailable
GreenFeed 4.4,Group_Emission_Summary,group_emission_summary,03_Grazing_GreenFeed_AFRI/01_Tables/Group_Emission_Summary.csv,Consolidated,Not verified: original input datasets unavailable
GreenFeed 4.4,Global_Rotation_Means,pasture_rotation_gas,03_Grazing_GreenFeed_AFRI/01_Tables/Global_Rotation_Means.csv,Consolidated,Not verified: original input datasets unavailable
GreenFeed 4.4,Global_Design_Replication,global_design_replication,03_Grazing_GreenFeed_AFRI/01_Tables/Global_Design_Replication.csv,Consolidated,Not verified: original input datasets unavailable
GreenFeed 4.4,Dressler_Eligible,dressler_eligible_animals,03_Grazing_GreenFeed_AFRI/01_Tables/Dressler_Eligible.csv,Consolidated,Not verified: original input datasets unavailable
GreenFeed 4.4,Dressler_Animal_Means,dressler_animal_system,03_Grazing_GreenFeed_AFRI/01_Tables/Dressler_Animal_Means.csv,Consolidated,Not verified: original input datasets unavailable
GreenFeed 4.4,Dressler_System_Means,dressler_system_gas,03_Grazing_GreenFeed_AFRI/01_Tables/Dressler_System_Means.csv,Consolidated,Not verified: original input datasets unavailable
GreenFeed 4.4,GF_Period_Active_Area,greenfeed_period_pasture_schedule,03_Grazing_GreenFeed_AFRI/01_Tables/GF_Period_Active_Area.csv,Consolidated,Not verified: original input datasets unavailable
GreenFeed 4.4,Gas_Per_Active_Hectare,greenfeed_gas_per_hectare,03_Grazing_GreenFeed_AFRI/01_Tables/Gas_Per_Active_Hectare.csv,Consolidated,Not verified: original input datasets unavailable
GreenFeed 4.4,Rotation_Model_Sample_Sizes,rotation_model_data_summary,03_Grazing_GreenFeed_AFRI/01_Tables/Rotation_Model_Sample_Sizes.csv,Consolidated,Not verified: original input datasets unavailable
GreenFeed 4.4,Global_Rotation_Statistical_Table,all_emmeans,03_Grazing_GreenFeed_AFRI/01_Tables/Global_Rotation_Statistical_Table.csv,Consolidated,Not verified: original input datasets unavailable
GreenFeed 4.4,Global_Rotation_Fixed_Effect_Tests,type3_anova_results,03_Grazing_GreenFeed_AFRI/01_Tables/Global_Rotation_Fixed_Effect_Tests.csv,Consolidated,Not verified: original input datasets unavailable
GreenFeed 4.4,Global_Rotation_Posthoc_Comparisons,all_tukey,03_Grazing_GreenFeed_AFRI/01_Tables/Global_Rotation_Posthoc_Comparisons.csv,Consolidated,Not verified: original input datasets unavailable
GreenFeed 4.4,Global_Rotation_Descriptive_CV,all_cv_results,03_Grazing_GreenFeed_AFRI/01_Tables/Global_Rotation_Descriptive_CV.csv,Consolidated,Not verified: original input datasets unavailable
GreenFeed 4.4,Model_Diagnostics,model_diagnostics,03_Grazing_GreenFeed_AFRI/01_Tables/Model_Diagnostics.csv,Consolidated,Not verified: original input datasets unavailable
GreenFeed 4.4,Random_Effect_Variances,random_effect_variances,03_Grazing_GreenFeed_AFRI/01_Tables/Random_Effect_Variances.csv,Consolidated,Not verified: original input datasets unavailable
GreenFeed 4.4,Random_Structure_QC,rotation_random_structure_qc,03_Grazing_GreenFeed_AFRI/01_Tables/Random_Structure_QC.csv,Consolidated,Not verified: original input datasets unavailable
GreenFeed 4.4,"Year/Pasture primary CH4/CO2 models (requested F reused), EDA/EMM/diagnostic plots, final gas maps and GIS; redundant fixed-year sensitivity removed",gf_rotation_models; gf_final_figures; gf_rotation_diagnostics; greenfeed_emission_maps; greenfeed_gas_per_hectare_sf,"03_Grazing_GreenFeed_AFRI/{02_Model_Results,03_Figures,04_Maps,05_Spatial_Data}",Corrected,Not verified: original input datasets unavailable
Two-scale 4–8,two-scale-animal-audit,visit_records_unique; manual_endpoint_summary; conditional_models; productivity_models; active_area_summary; season_active_grid_sf,"01_Grazing_Behavior_Spatial_Aera/Two_Scale_Analysis/{01_Tables,02_Model_Results,03_Figures,04_Maps,05_Spatial_Data}",Consolidated,Not verified: original input datasets unavailable
Two-scale 4–8,two-scale-conditional-models,visit_records_unique; manual_endpoint_summary; conditional_models; productivity_models; active_area_summary; season_active_grid_sf,"01_Grazing_Behavior_Spatial_Aera/Two_Scale_Analysis/{01_Tables,02_Model_Results,03_Figures,04_Maps,05_Spatial_Data}",Consolidated,Not verified: original input datasets unavailable
Two-scale 4–8,rgp-map-outcome-components,visit_records_unique; manual_endpoint_summary; conditional_models; productivity_models; active_area_summary; season_active_grid_sf,"01_Grazing_Behavior_Spatial_Aera/Two_Scale_Analysis/{01_Tables,02_Model_Results,03_Figures,04_Maps,05_Spatial_Data}",Consolidated,Not verified: original input datasets unavailable
Two-scale 4–8,rgp-two-independent-grid-maps,visit_records_unique; manual_endpoint_summary; conditional_models; productivity_models; active_area_summary; season_active_grid_sf,"01_Grazing_Behavior_Spatial_Aera/Two_Scale_Analysis/{01_Tables,02_Model_Results,03_Figures,04_Maps,05_Spatial_Data}",Consolidated,Not verified: original input datasets unavailable
Two-scale 4–8,season-two-grid-outcomes,visit_records_unique; manual_endpoint_summary; conditional_models; productivity_models; active_area_summary; season_active_grid_sf,"01_Grazing_Behavior_Spatial_Aera/Two_Scale_Analysis/{01_Tables,02_Model_Results,03_Figures,04_Maps,05_Spatial_Data}",Consolidated,Not verified: original input datasets unavailable
Two-scale 4–8,full-season-unique-grid-audit,visit_records_unique; manual_endpoint_summary; conditional_models; productivity_models; active_area_summary; season_active_grid_sf,"01_Grazing_Behavior_Spatial_Aera/Two_Scale_Analysis/{01_Tables,02_Model_Results,03_Figures,04_Maps,05_Spatial_Data}",Consolidated,Not verified: original input datasets unavailable
Two-scale 4–8,two-grid-productivity-mixed-models,visit_records_unique; manual_endpoint_summary; conditional_models; productivity_models; active_area_summary; season_active_grid_sf,"01_Grazing_Behavior_Spatial_Aera/Two_Scale_Analysis/{01_Tables,02_Model_Results,03_Figures,04_Maps,05_Spatial_Data}",Consolidated,Not verified: original input datasets unavailable
Integrated 9.2–9.5,Shrunk_BW_Steer_Season,shrunk_bw_season_analysis,01_Grazing_Behavior_Spatial_Aera/Integrated_Analysis/01_Tables/Shrunk_BW_Steer_Season.csv,Corrected,Not verified: original input datasets unavailable
Integrated 9.2–9.5,Shrunk_BW_Steer_RGP,shrunk_bw_period_analysis,01_Grazing_Behavior_Spatial_Aera/Integrated_Analysis/01_Tables/Shrunk_BW_Steer_RGP.csv,Corrected,Not verified: original input datasets unavailable
Integrated 9.2–9.5,Final_Pasture_RGP_Productivity,period_level_grazing_productivity,01_Grazing_Behavior_Spatial_Aera/Integrated_Analysis/01_Tables/Final_Pasture_RGP_Productivity.csv,Corrected,Not verified: original input datasets unavailable
Integrated 9.2–9.5,Final_Pasture_Whole_Season_Productivity,whole_season_grazing_productivity,01_Grazing_Behavior_Spatial_Aera/Integrated_Analysis/01_Tables/Final_Pasture_Whole_Season_Productivity.csv,Corrected,Not verified: original input datasets unavailable
Integrated 9.2–9.5,Behavior_Animal_RGP,behavior_period_analysis,01_Grazing_Behavior_Spatial_Aera/Integrated_Analysis/01_Tables/Behavior_Animal_RGP.csv,Corrected,Not verified: original input datasets unavailable
Integrated 9.2–9.5,Period_Metric_Availability_QC,period_metric_availability_qc,01_Grazing_Behavior_Spatial_Aera/Integrated_Analysis/01_Tables/Period_Metric_Availability_QC.csv,Corrected,Not verified: original input datasets unavailable
Integrated 9.2–9.5,RGP5_Metric_QC,rgp5_metric_qc,01_Grazing_Behavior_Spatial_Aera/Integrated_Analysis/01_Tables/RGP5_Metric_QC.csv,Corrected,Not verified: original input datasets unavailable
Integrated 9.2–9.5,Period_Map_Metric_Join_QC,period_metric_qc,01_Grazing_Behavior_Spatial_Aera/Integrated_Analysis/01_Tables/Period_Map_Metric_Join_QC.csv,Corrected,Not verified: original input datasets unavailable
Integrated 9.2–9.5,Missing_Period_Map_Metric_QC,missing_period_metric_qc,01_Grazing_Behavior_Spatial_Aera/Integrated_Analysis/01_Tables/Missing_Period_Map_Metric_QC.csv,Corrected,Not verified: original input datasets unavailable
Integrated 9.2–9.5,Three_Grid_Map_Build_QC,plot_build_status,01_Grazing_Behavior_Spatial_Aera/Integrated_Analysis/01_Tables/Three_Grid_Map_Build_QC.csv,Corrected,Not verified: original input datasets unavailable
Integrated 9.2–9.5,Animal_Assignment_QC,rev_assignment_audit,01_Grazing_Behavior_Spatial_Aera/Integrated_Analysis/01_Tables/Animal_Assignment_QC.csv,Corrected,Not verified: original input datasets unavailable
Statistical 9.7–9.12,Grazing_h / monthly / animal,"analysis_fits[[""table1__Grazing_h""]] / Grazing_model_data",01_Grazing_Behavior_Spatial_Aera/01_Tables/Table_1_Grazing_Behaviors.xlsx; retained reference model RDS,Preserved,Not verified: original input datasets unavailable
Statistical 9.7–9.12,Resting_h / monthly / animal,"analysis_fits[[""table1__Resting_h""]] / Resting_model_data",01_Grazing_Behavior_Spatial_Aera/01_Tables/Table_1_Grazing_Behaviors.xlsx; retained reference model RDS,Preserved,Not verified: original input datasets unavailable
Statistical 9.7–9.12,Traveling_h / monthly / animal,"analysis_fits[[""table1__Traveling_h""]] / Traveling_model_data",01_Grazing_Behavior_Spatial_Aera/01_Tables/Table_1_Grazing_Behaviors.xlsx; retained reference model RDS,Preserved,Not verified: original input datasets unavailable
Statistical 9.7–9.12,mean_DDT_day / monthly / animal,"analysis_fits[[""table1__mean_DDT_day""]] / Monthly_DDT_filtered",01_Grazing_Behavior_Spatial_Aera/01_Tables/Table_1_Grazing_Behaviors.xlsx; retained reference model RDS,Preserved,Not verified: original input datasets unavailable
Statistical 9.7–9.12,CH4_Mean_g_d / season / animal,"analysis_fits[[""dressler__CH4_Mean_g_d""]] / dressler_animal_means",06_Statistical_Analysis/01_Tables/AFRI_Statistical_Results.xlsx; owned model archive/diagnostics only,Corrected,Not verified: original input datasets unavailable
Statistical 9.7–9.12,CO2_Mean_g_d / season / animal,"analysis_fits[[""dressler__CO2_Mean_g_d""]] / dressler_animal_means",06_Statistical_Analysis/01_Tables/AFRI_Statistical_Results.xlsx; owned model archive/diagnostics only,Corrected,Not verified: original input datasets unavailable
Statistical 9.7–9.12,Smooth_Period_ADG / season / animal,"analysis_fits[[""table2_adg__Smooth_Period_ADG""]] / adg_model_data → smooth_adg_model / smooth_adg_inference",06_Statistical_Analysis/01_Tables/AFRI_Statistical_Results.xlsx; owned model archive/diagnostics only,Consolidated,Not verified: original input datasets unavailable
Statistical 9.7–9.12,Shrunk_Initial_BW_kg / season / animal,"analysis_fits[[""shrunk_season__Shrunk_Initial_BW_kg""]] / shrunk_bw_season_analysis",06_Statistical_Analysis/01_Tables/AFRI_Statistical_Results.xlsx; owned model archive/diagnostics only,Corrected,Not verified: original input datasets unavailable
Statistical 9.7–9.12,Shrunk_Final_BW_kg / season / animal,"analysis_fits[[""shrunk_season__Shrunk_Final_BW_kg""]] / shrunk_bw_season_analysis",06_Statistical_Analysis/01_Tables/AFRI_Statistical_Results.xlsx; owned model archive/diagnostics only,Corrected,Not verified: original input datasets unavailable
Statistical 9.7–9.12,CH4_g_per_active_ha_whole_season / season / pasture,"analysis_fits[[""season_pasture__CH4_g_per_active_ha_whole_season""]] / whole_season_grazing_productivity",06_Statistical_Analysis/01_Tables/AFRI_Statistical_Results.xlsx; owned model archive/diagnostics only,Corrected,Not verified: original input datasets unavailable
Statistical 9.7–9.12,CO2_g_per_active_ha_whole_season / season / pasture,"analysis_fits[[""season_pasture__CO2_g_per_active_ha_whole_season""]] / whole_season_grazing_productivity",06_Statistical_Analysis/01_Tables/AFRI_Statistical_Results.xlsx; owned model archive/diagnostics only,Corrected,Not verified: original input datasets unavailable
Statistical 9.7–9.12,active_ha_whole_season / season / pasture,"analysis_fits[[""season_pasture__active_ha_whole_season""]] / whole_season_grazing_productivity → authoritative pasture_use_models; exact rows reused; missing/failed/mismatched source unavailable",06_Statistical_Analysis/01_Tables/AFRI_Statistical_Results.xlsx; retained model/diagnostics owned by 02_Grazing_BW_AFRI/02_Model_Results/pasture_use_models.rds,Consolidated,Not verified: original input datasets unavailable
Statistical 9.7–9.12,LWG_kg_per_active_ha_whole_season / season / pasture,"analysis_fits[[""season_pasture__LWG_kg_per_active_ha_whole_season""]] / whole_season_grazing_productivity",06_Statistical_Analysis/01_Tables/AFRI_Statistical_Results.xlsx; owned model archive/diagnostics only,Corrected,Not verified: original input datasets unavailable
Statistical 9.7–9.12,active_ha_all_pasture / period / pasture,"analysis_fits[[""period_pasture__active_ha_all_pasture""]] / period_level_grazing_productivity → authoritative pasture_use_models; exact rows reused; missing/failed/mismatched source unavailable",06_Statistical_Analysis/01_Tables/AFRI_Statistical_Results.xlsx; retained model/diagnostics owned by 02_Grazing_BW_AFRI/02_Model_Results/pasture_use_models.rds,Corrected,Not verified: original input datasets unavailable
Statistical 9.7–9.12,active_ha_inside_rgp / period / pasture,"analysis_fits[[""period_pasture__active_ha_inside_rgp""]] / period_level_grazing_productivity → authoritative pasture_use_models; exact rows reused; missing/failed/mismatched source unavailable",06_Statistical_Analysis/01_Tables/AFRI_Statistical_Results.xlsx; retained model/diagnostics owned by 02_Grazing_BW_AFRI/02_Model_Results/pasture_use_models.rds,Corrected,Not verified: original input datasets unavailable
Statistical 9.7–9.12,active_ha_outside_rgp / period / pasture,"analysis_fits[[""period_pasture__active_ha_outside_rgp""]] / period_level_grazing_productivity",06_Statistical_Analysis/01_Tables/AFRI_Statistical_Results.xlsx; owned model archive/diagnostics only,Corrected,Not verified: original input datasets unavailable
Statistical 9.7–9.12,total_LWG_kg / period / pasture,"analysis_fits[[""period_pasture__total_LWG_kg""]] / period_level_grazing_productivity",06_Statistical_Analysis/01_Tables/AFRI_Statistical_Results.xlsx; owned model archive/diagnostics only,Corrected,Not verified: original input datasets unavailable
Statistical 9.7–9.12,mean_RGP_ADG_kg_day / period / pasture,"analysis_fits[[""period_pasture__mean_RGP_ADG_kg_day""]] / period_level_grazing_productivity",06_Statistical_Analysis/01_Tables/AFRI_Statistical_Results.xlsx; owned model archive/diagnostics only,Corrected,Not verified: original input datasets unavailable
Statistical 9.7–9.12,CH4_g_animal_day / period / pasture,"analysis_fits[[""period_pasture__CH4_g_animal_day""]] / period_level_grazing_productivity → GF primary model if keys/values/windows match",06_Statistical_Analysis/01_Tables/AFRI_Statistical_Results.xlsx; owned model archive/diagnostics only,Corrected,Not verified: original input datasets unavailable
Statistical 9.7–9.12,CO2_g_animal_day / period / pasture,"analysis_fits[[""period_pasture__CO2_g_animal_day""]] / period_level_grazing_productivity → GF primary model if keys/values/windows match",06_Statistical_Analysis/01_Tables/AFRI_Statistical_Results.xlsx; owned model archive/diagnostics only,Corrected,Not verified: original input datasets unavailable
Statistical 9.7–9.12,LWG_kg_per_active_ha_all_pasture / period / pasture,"analysis_fits[[""period_pasture__LWG_kg_per_active_ha_all_pasture""]] / period_level_grazing_productivity",06_Statistical_Analysis/01_Tables/AFRI_Statistical_Results.xlsx; owned model archive/diagnostics only,Corrected,Not verified: original input datasets unavailable
Statistical 9.7–9.12,LWG_kg_per_active_ha_inside_rgp / period / pasture,"analysis_fits[[""period_pasture__LWG_kg_per_active_ha_inside_rgp""]] / period_level_grazing_productivity",06_Statistical_Analysis/01_Tables/AFRI_Statistical_Results.xlsx; owned model archive/diagnostics only,Corrected,Not verified: original input datasets unavailable
Statistical 9.7–9.12,CH4_g_per_active_ha_all_pasture / period / pasture,"analysis_fits[[""period_pasture__CH4_g_per_active_ha_all_pasture""]] / period_level_grazing_productivity",06_Statistical_Analysis/01_Tables/AFRI_Statistical_Results.xlsx; owned model archive/diagnostics only,Corrected,Not verified: original input datasets unavailable
Statistical 9.7–9.12,CH4_g_per_active_ha_inside_rgp / period / pasture,"analysis_fits[[""period_pasture__CH4_g_per_active_ha_inside_rgp""]] / period_level_grazing_productivity",06_Statistical_Analysis/01_Tables/AFRI_Statistical_Results.xlsx; owned model archive/diagnostics only,Corrected,Not verified: original input datasets unavailable
Statistical 9.7–9.12,CO2_g_per_active_ha_all_pasture / period / pasture,"analysis_fits[[""period_pasture__CO2_g_per_active_ha_all_pasture""]] / period_level_grazing_productivity",06_Statistical_Analysis/01_Tables/AFRI_Statistical_Results.xlsx; owned model archive/diagnostics only,Corrected,Not verified: original input datasets unavailable
Statistical 9.7–9.12,CO2_g_per_active_ha_inside_rgp / period / pasture,"analysis_fits[[""period_pasture__CO2_g_per_active_ha_inside_rgp""]] / period_level_grazing_productivity",06_Statistical_Analysis/01_Tables/AFRI_Statistical_Results.xlsx; owned model archive/diagnostics only,Corrected,Not verified: original input datasets unavailable
Statistical 9.7–9.12,GHG_g_per_active_ha_all_pasture / period / pasture,"analysis_fits[[""period_pasture__GHG_g_per_active_ha_all_pasture""]] / period_level_grazing_productivity",06_Statistical_Analysis/01_Tables/AFRI_Statistical_Results.xlsx; owned model archive/diagnostics only,Corrected,Not verified: original input datasets unavailable
Statistical 9.7–9.12,GHG_g_per_active_ha_inside_rgp / period / pasture,"analysis_fits[[""period_pasture__GHG_g_per_active_ha_inside_rgp""]] / period_level_grazing_productivity",06_Statistical_Analysis/01_Tables/AFRI_Statistical_Results.xlsx; owned model archive/diagnostics only,Corrected,Not verified: original input datasets unavailable
Statistical 9.7–9.12,CH4_g_per_kg_LWG / period / pasture,"analysis_fits[[""period_pasture__CH4_g_per_kg_LWG""]] / period_level_grazing_productivity",06_Statistical_Analysis/01_Tables/AFRI_Statistical_Results.xlsx; owned model archive/diagnostics only,Corrected,Not verified: original input datasets unavailable
Statistical 9.7–9.12,CO2_g_per_kg_LWG / period / pasture,"analysis_fits[[""period_pasture__CO2_g_per_kg_LWG""]] / period_level_grazing_productivity",06_Statistical_Analysis/01_Tables/AFRI_Statistical_Results.xlsx; owned model archive/diagnostics only,Corrected,Not verified: original input datasets unavailable
Statistical 9.7–9.12,GHG_g_per_kg_LWG / period / pasture,"analysis_fits[[""period_pasture__GHG_g_per_kg_LWG""]] / period_level_grazing_productivity",06_Statistical_Analysis/01_Tables/AFRI_Statistical_Results.xlsx; owned model archive/diagnostics only,Corrected,Not verified: original input datasets unavailable
Statistical 9.7–9.12,total_LWG_kg / season / pasture,"analysis_fits[[""season_pasture__total_LWG_kg""]] / whole_season_grazing_productivity",06_Statistical_Analysis/01_Tables/AFRI_Statistical_Results.xlsx; owned model archive/diagnostics only,Corrected,Not verified: original input datasets unavailable
Statistical 9.7–9.12,mean_Shrunk_Initial_BW_kg / season / pasture,"analysis_fits[[""season_pasture__mean_Shrunk_Initial_BW_kg""]] / whole_season_grazing_productivity",06_Statistical_Analysis/01_Tables/AFRI_Statistical_Results.xlsx; owned model archive/diagnostics only,Corrected,Not verified: original input datasets unavailable
Statistical 9.7–9.12,mean_Shrunk_Final_BW_kg / season / pasture,"analysis_fits[[""season_pasture__mean_Shrunk_Final_BW_kg""]] / whole_season_grazing_productivity",06_Statistical_Analysis/01_Tables/AFRI_Statistical_Results.xlsx; owned model archive/diagnostics only,Corrected,Not verified: original input datasets unavailable
Statistical 9.7–9.12,mean_Whole_Season_Smooth_ADG_kg_day / season / pasture,"analysis_fits[[""season_pasture__mean_Whole_Season_Smooth_ADG_kg_day""]] / whole_season_grazing_productivity",06_Statistical_Analysis/01_Tables/AFRI_Statistical_Results.xlsx; owned model archive/diagnostics only,Corrected,Not verified: original input datasets unavailable
Statistical 9.7–9.12,whole_season_animal_avg_CH4_g_day / season / pasture,"analysis_fits[[""season_pasture__whole_season_animal_avg_CH4_g_day""]] / whole_season_grazing_productivity",06_Statistical_Analysis/01_Tables/AFRI_Statistical_Results.xlsx; owned model archive/diagnostics only,Corrected,Not verified: original input datasets unavailable
Statistical 9.7–9.12,whole_season_animal_avg_CO2_g_day / season / pasture,"analysis_fits[[""season_pasture__whole_season_animal_avg_CO2_g_day""]] / whole_season_grazing_productivity",06_Statistical_Analysis/01_Tables/AFRI_Statistical_Results.xlsx; owned model archive/diagnostics only,Corrected,Not verified: original input datasets unavailable
Statistical 9.7–9.12,CH4_g_per_active_ha_day_whole_season / season / pasture,"analysis_fits[[""season_pasture__CH4_g_per_active_ha_day_whole_season""]] / whole_season_grazing_productivity",06_Statistical_Analysis/01_Tables/AFRI_Statistical_Results.xlsx; owned model archive/diagnostics only,Corrected,Not verified: original input datasets unavailable
Statistical 9.7–9.12,CO2_g_per_active_ha_day_whole_season / season / pasture,"analysis_fits[[""season_pasture__CO2_g_per_active_ha_day_whole_season""]] / whole_season_grazing_productivity",06_Statistical_Analysis/01_Tables/AFRI_Statistical_Results.xlsx; owned model archive/diagnostics only,Corrected,Not verified: original input datasets unavailable
Statistical 9.7–9.12,ADG_Land_kg_per_active_ha_day_whole_season / season / pasture,"analysis_fits[[""season_pasture__ADG_Land_kg_per_active_ha_day_whole_season""]] / whole_season_grazing_productivity",06_Statistical_Analysis/01_Tables/AFRI_Statistical_Results.xlsx; owned model archive/diagnostics only,Corrected,Not verified: original input datasets unavailable
Statistical 9.7–9.12,GHG_g_per_active_ha_whole_season / season / pasture,"analysis_fits[[""season_pasture__GHG_g_per_active_ha_whole_season""]] / whole_season_grazing_productivity",06_Statistical_Analysis/01_Tables/AFRI_Statistical_Results.xlsx; owned model archive/diagnostics only,Corrected,Not verified: original input datasets unavailable
Statistical 9.7–9.12,CH4_g_per_kg_LWG_whole_season / season / pasture,"analysis_fits[[""season_pasture__CH4_g_per_kg_LWG_whole_season""]] / whole_season_grazing_productivity",06_Statistical_Analysis/01_Tables/AFRI_Statistical_Results.xlsx; owned model archive/diagnostics only,Corrected,Not verified: original input datasets unavailable
Statistical 9.7–9.12,CO2_g_per_kg_LWG_whole_season / season / pasture,"analysis_fits[[""season_pasture__CO2_g_per_kg_LWG_whole_season""]] / whole_season_grazing_productivity",06_Statistical_Analysis/01_Tables/AFRI_Statistical_Results.xlsx; owned model archive/diagnostics only,Corrected,Not verified: original input datasets unavailable
Statistical 9.7–9.12,GHG_g_per_kg_LWG_whole_season / season / pasture,"analysis_fits[[""season_pasture__GHG_g_per_kg_LWG_whole_season""]] / whole_season_grazing_productivity",06_Statistical_Analysis/01_Tables/AFRI_Statistical_Results.xlsx; owned model archive/diagnostics only,Corrected,Not verified: original input datasets unavailable
Statistical 9.7–9.12,Whole_Season_CH4_g_day / season / animal,"analysis_fits[[""shrunk_season__Whole_Season_CH4_g_day""]] / shrunk_bw_season_analysis → Dressler model if equal, otherwise labeled subset sensitivity",06_Statistical_Analysis/01_Tables/AFRI_Statistical_Results.xlsx; owned model archive/diagnostics only,Consolidated,Not verified: original input datasets unavailable
Statistical 9.7–9.12,Whole_Season_CO2_g_day / season / animal,"analysis_fits[[""shrunk_season__Whole_Season_CO2_g_day""]] / shrunk_bw_season_analysis → Dressler model if equal, otherwise labeled subset sensitivity",06_Statistical_Analysis/01_Tables/AFRI_Statistical_Results.xlsx; owned model archive/diagnostics only,Consolidated,Not verified: original input datasets unavailable
Statistical 9.7–9.12,Whole_Season_Smooth_ADG_kg_day / season / animal,"analysis_fits[[""shrunk_season__Whole_Season_Smooth_ADG_kg_day""]] / shrunk_bw_season_analysis",06_Statistical_Analysis/01_Tables/AFRI_Statistical_Results.xlsx; owned model archive/diagnostics only,Corrected,Not verified: original input datasets unavailable
Statistical 9.7–9.12,RGP_CH4_g_day / period / animal,"analysis_fits[[""shrunk_period__RGP_CH4_g_day""]] / shrunk_bw_period_analysis",06_Statistical_Analysis/01_Tables/AFRI_Statistical_Results.xlsx; owned model archive/diagnostics only,Corrected,Not verified: original input datasets unavailable
Statistical 9.7–9.12,RGP_CO2_g_day / period / animal,"analysis_fits[[""shrunk_period__RGP_CO2_g_day""]] / shrunk_bw_period_analysis",06_Statistical_Analysis/01_Tables/AFRI_Statistical_Results.xlsx; owned model archive/diagnostics only,Corrected,Not verified: original input datasets unavailable
Statistical 9.7–9.12,RGP_Smooth_ADG_kg_day / period / animal,"analysis_fits[[""shrunk_period__RGP_Smooth_ADG_kg_day""]] / shrunk_bw_period_analysis",06_Statistical_Analysis/01_Tables/AFRI_Statistical_Results.xlsx; owned model archive/diagnostics only,Corrected,Not verified: original input datasets unavailable
Publication 9.12–9.13,Five remaining publication table families; raw results; model/design/normality/variance/QC/availability sheets,publication_table_objects; professional_tables_excel,06_Statistical_Analysis/01_Tables/AFRI_Statistical_Results.xlsx,Consolidated,Not verified: original input datasets unavailable
Final maps,Nine LWG/CH4/CO2 maps across three spatial denominators; one map inventory,three_grid_metric_plot_objects; map_export_inventory,"01_Grazing_Behavior_Spatial_Aera/04_Maps/Three_Grid_Metrics/{01_Body_Weight_LWG_Three_Grids,02_CH4_Three_Grids,03_CO2_Three_Grids}; 01_Tables/Three_grid_BW_CH4_CO2_map_inventory.csv",Consolidated,Not verified: original input datasets unavailable
Final reproducibility,Complete session metadata and current-run export inventory,utils::sessionInfo(); final_export_inventory,"06_Statistical_Analysis/06_Logs/{Complete_Analysis_Session_Info.txt,Final_Export_Inventory.csv}",Corrected,Not verified: original input datasets unavailable
