Table,Dataset_key,Dataset,Response,Scale,Unit,Subject,Family_rule,Retained source / model policy,Required random structure,Inference policy,Study-data execution,Requested model code,Correlation limitation,Requested fixed structure
TABLE 1,table1,Grazing_model_data,Grazing_h,monthly,animal,REAL_ID,Gaussian identity,mod.Monthly_Grazing; existing reference tests/EMMs; no refit,Year + physical Pasture only (user-requested),Preserved reference Type III method and EMM/post-hoc results; within-animal monthly correlation limitation,Not verified: original input datasets unavailable,S,No animal random intercept; protected monthly within-animal correlation remains unmodeled,TRT * SR (preserved baseline)
TABLE 1,table1,Resting_model_data,Resting_h,monthly,animal,REAL_ID,Gaussian identity,mod.Monthly_Resting; existing reference tests/EMMs; no refit,Year + physical Pasture only (user-requested),Preserved reference Type III method and EMM/post-hoc results; within-animal monthly correlation limitation,Not verified: original input datasets unavailable,S,No animal random intercept; protected monthly within-animal correlation remains unmodeled,TRT * SR (preserved baseline)
TABLE 1,table1,Traveling_model_data,Traveling_h,monthly,animal,REAL_ID,Gaussian identity,mod.Monthly_Traveling; existing reference tests/EMMs; no refit,Year + physical Pasture only (user-requested),Preserved reference Type III method and EMM/post-hoc results; within-animal monthly correlation limitation,Not verified: original input datasets unavailable,S,No animal random intercept; protected monthly within-animal correlation remains unmodeled,TRT * SR (preserved baseline)
TABLE 1,table1,Monthly_DDT_filtered,mean_DDT_day,monthly,animal,REAL_ID,Gaussian identity,mod.Monthly_DDT_filtered; existing reference tests/EMMs; no refit,Year + physical Pasture only (user-requested),Preserved reference Type III method and EMM/post-hoc results; within-animal monthly correlation limitation,Not verified: original input datasets unavailable,S,No animal random intercept; protected monthly within-animal correlation remains unmodeled,TRT * SR (preserved baseline)
TABLE 2,dressler,dressler_animal_means,CH4_Mean_g_d,season,animal,SEID,Gaussian identity,One new retained response/design model unless a documented equivalent source is reused,Year + physical Pasture only (user-requested),"Retained lmerTest/emmeans; KR when feasible, otherwise recorded Satterthwaite",Not verified: original input datasets unavailable,S,Year/Pasture random intercepts only; independent treatment replication remains limited,TRT * SR (preserved baseline)
TABLE 2,dressler,dressler_animal_means,CO2_Mean_g_d,season,animal,SEID,Gaussian identity,One new retained response/design model unless a documented equivalent source is reused,Year + physical Pasture only (user-requested),"Retained lmerTest/emmeans; KR when feasible, otherwise recorded Satterthwaite",Not verified: original input datasets unavailable,S,Year/Pasture random intercepts only; independent treatment replication remains limited,TRT * SR (preserved baseline)
TABLE 2,table2_adg,adg_model_data,Smooth_Period_ADG,season,animal,SEID,Gaussian identity,smooth_adg_model / smooth_adg_inference; matching observation keys required,Year + physical Pasture only (user-requested),"Retained lmerTest/emmeans; KR when feasible, otherwise recorded Satterthwaite",Not verified: original input datasets unavailable,S,Year/Pasture random intercepts only; independent treatment replication remains limited,TRT * SR (preserved baseline)
TABLE 2,shrunk_season,shrunk_bw_season_analysis,Shrunk_Initial_BW_kg,season,animal,SEID,Gaussian identity,One new retained response/design model unless a documented equivalent source is reused,Year + physical Pasture only (user-requested),"Retained lmerTest/emmeans; KR when feasible, otherwise recorded Satterthwaite",Not verified: original input datasets unavailable,S,Year/Pasture random intercepts only; independent treatment replication remains limited,TRT * SR (preserved baseline)
TABLE 2,shrunk_season,shrunk_bw_season_analysis,Shrunk_Final_BW_kg,season,animal,SEID,Gaussian identity,One new retained response/design model unless a documented equivalent source is reused,Year + physical Pasture only (user-requested),"Retained lmerTest/emmeans; KR when feasible, otherwise recorded Satterthwaite",Not verified: original input datasets unavailable,S,Year/Pasture random intercepts only; independent treatment replication remains limited,TRT * SR (preserved baseline)
TABLE 2,season_pasture,whole_season_grazing_productivity,CH4_g_per_active_ha_whole_season,season,pasture,,Gaussian identity,One new retained response/design model unless a documented equivalent source is reused,Year + physical Pasture only (user-requested),"Retained lmerTest/emmeans; KR when feasible, otherwise recorded Satterthwaite",Not verified: original input datasets unavailable,S,Year/Pasture random intercepts only; independent treatment replication remains limited,TRT * SR (preserved baseline)
TABLE 2,season_pasture,whole_season_grazing_productivity,CO2_g_per_active_ha_whole_season,season,pasture,,Gaussian identity,One new retained response/design model unless a documented equivalent source is reused,Year + physical Pasture only (user-requested),"Retained lmerTest/emmeans; KR when feasible, otherwise recorded Satterthwaite",Not verified: original input datasets unavailable,S,Year/Pasture random intercepts only; independent treatment replication remains limited,TRT * SR (preserved baseline)
TABLE 2,season_pasture,whole_season_grazing_productivity,active_ha_whole_season,season,pasture,,Gaussian identity,"pasture_use_models[[""WHOLE_SEASON_GRAZING__Season""]]; retained source is authoritative; unequal/failed source reported unavailable",Year + physical Pasture only (user-requested),Existing source model inference retained; no second fitting method/REML convention,Not verified: original input datasets unavailable,S,Year/Pasture random intercepts only; independent treatment replication remains limited,TRT * SR (preserved baseline)
TABLE 2,season_pasture,whole_season_grazing_productivity,LWG_kg_per_active_ha_whole_season,season,pasture,,Gaussian identity,One new retained response/design model unless a documented equivalent source is reused,Year + physical Pasture only (user-requested),"Retained lmerTest/emmeans; KR when feasible, otherwise recorded Satterthwaite",Not verified: original input datasets unavailable,S,Year/Pasture random intercepts only; independent treatment replication remains limited,TRT * SR (preserved baseline)
OTHER PERIOD TABLES,period_pasture,period_level_grazing_productivity,active_ha_all_pasture,period,pasture,,Gaussian identity,"pasture_use_models[[""ALL_PASTURE_GRAZING__RGP""]]; retained source is authoritative; unequal/failed source reported unavailable",Year + physical Pasture only (user-requested),Existing source model inference retained; no second fitting method/REML convention,Not verified: original input datasets unavailable,P,No separate pasture-year random intercept; pasture-period residual correlation beyond Year/Pasture is not modeled,"TRT * SR + Period (RGP/RotationPeriod source alias); additive period, no management-by-period interactions"
OTHER PERIOD TABLES,period_pasture,period_level_grazing_productivity,active_ha_inside_rgp,period,pasture,,Gaussian identity,"pasture_use_models[[""INSIDE_RGP_GRAZING__RGP""]]; retained source is authoritative; unequal/failed source reported unavailable",Year + physical Pasture only (user-requested),Existing source model inference retained; no second fitting method/REML convention,Not verified: original input datasets unavailable,P,No separate pasture-year random intercept; pasture-period residual correlation beyond Year/Pasture is not modeled,"TRT * SR + Period (RGP/RotationPeriod source alias); additive period, no management-by-period interactions"
OTHER PERIOD TABLES,period_pasture,period_level_grazing_productivity,active_ha_outside_rgp,period,pasture,,Gaussian identity,One new retained response/design model unless a documented equivalent source is reused,Year + physical Pasture only (user-requested),"Retained lmerTest/emmeans; KR when feasible, otherwise recorded Satterthwaite",Not verified: original input datasets unavailable,P,No separate pasture-year random intercept; pasture-period residual correlation beyond Year/Pasture is not modeled,"TRT * SR + Period (RGP/RotationPeriod source alias); additive period, no management-by-period interactions"
OTHER PERIOD TABLES,period_pasture,period_level_grazing_productivity,total_LWG_kg,period,pasture,,Gaussian identity,One new retained response/design model unless a documented equivalent source is reused,Year + physical Pasture only (user-requested),"Retained lmerTest/emmeans; KR when feasible, otherwise recorded Satterthwaite",Not verified: original input datasets unavailable,P,No separate pasture-year random intercept; pasture-period residual correlation beyond Year/Pasture is not modeled,"TRT * SR + Period (RGP/RotationPeriod source alias); additive period, no management-by-period interactions"
OTHER PERIOD TABLES,period_pasture,period_level_grazing_productivity,mean_RGP_ADG_kg_day,period,pasture,,Gaussian identity,One new retained response/design model unless a documented equivalent source is reused,Year + physical Pasture only (user-requested),"Retained lmerTest/emmeans; KR when feasible, otherwise recorded Satterthwaite",Not verified: original input datasets unavailable,P,No separate pasture-year random intercept; pasture-period residual correlation beyond Year/Pasture is not modeled,"TRT * SR + Period (RGP/RotationPeriod source alias); additive period, no management-by-period interactions"
OTHER PERIOD TABLES,period_pasture,period_level_grazing_productivity,CH4_g_animal_day,period,pasture,,Gaussian identity,Global GreenFeed primary source; exact keys/values/measurement-window provenance required,Year + physical Pasture only (user-requested),"Retained lmerTest/emmeans; KR when feasible, otherwise recorded Satterthwaite",Not verified: original input datasets unavailable,P,No separate pasture-year random intercept; pasture-period residual correlation beyond Year/Pasture is not modeled,"TRT * SR + Period (RGP/RotationPeriod source alias); additive period, no management-by-period interactions"
OTHER PERIOD TABLES,period_pasture,period_level_grazing_productivity,CO2_g_animal_day,period,pasture,,Gaussian identity,Global GreenFeed primary source; exact keys/values/measurement-window provenance required,Year + physical Pasture only (user-requested),"Retained lmerTest/emmeans; KR when feasible, otherwise recorded Satterthwaite",Not verified: original input datasets unavailable,P,No separate pasture-year random intercept; pasture-period residual correlation beyond Year/Pasture is not modeled,"TRT * SR + Period (RGP/RotationPeriod source alias); additive period, no management-by-period interactions"
OTHER PERIOD TABLES,period_pasture,period_level_grazing_productivity,LWG_kg_per_active_ha_all_pasture,period,pasture,,Gaussian identity,One new retained response/design model unless a documented equivalent source is reused,Year + physical Pasture only (user-requested),"Retained lmerTest/emmeans; KR when feasible, otherwise recorded Satterthwaite",Not verified: original input datasets unavailable,P,No separate pasture-year random intercept; pasture-period residual correlation beyond Year/Pasture is not modeled,"TRT * SR + Period (RGP/RotationPeriod source alias); additive period, no management-by-period interactions"
OTHER PERIOD TABLES,period_pasture,period_level_grazing_productivity,LWG_kg_per_active_ha_inside_rgp,period,pasture,,Gaussian identity,One new retained response/design model unless a documented equivalent source is reused,Year + physical Pasture only (user-requested),"Retained lmerTest/emmeans; KR when feasible, otherwise recorded Satterthwaite",Not verified: original input datasets unavailable,P,No separate pasture-year random intercept; pasture-period residual correlation beyond Year/Pasture is not modeled,"TRT * SR + Period (RGP/RotationPeriod source alias); additive period, no management-by-period interactions"
OTHER PERIOD TABLES,period_pasture,period_level_grazing_productivity,CH4_g_per_active_ha_all_pasture,period,pasture,,Gaussian identity,One new retained response/design model unless a documented equivalent source is reused,Year + physical Pasture only (user-requested),"Retained lmerTest/emmeans; KR when feasible, otherwise recorded Satterthwaite",Not verified: original input datasets unavailable,P,No separate pasture-year random intercept; pasture-period residual correlation beyond Year/Pasture is not modeled,"TRT * SR + Period (RGP/RotationPeriod source alias); additive period, no management-by-period interactions"
OTHER PERIOD TABLES,period_pasture,period_level_grazing_productivity,CH4_g_per_active_ha_inside_rgp,period,pasture,,Gaussian identity,One new retained response/design model unless a documented equivalent source is reused,Year + physical Pasture only (user-requested),"Retained lmerTest/emmeans; KR when feasible, otherwise recorded Satterthwaite",Not verified: original input datasets unavailable,P,No separate pasture-year random intercept; pasture-period residual correlation beyond Year/Pasture is not modeled,"TRT * SR + Period (RGP/RotationPeriod source alias); additive period, no management-by-period interactions"
OTHER PERIOD TABLES,period_pasture,period_level_grazing_productivity,CO2_g_per_active_ha_all_pasture,period,pasture,,Gaussian identity,One new retained response/design model unless a documented equivalent source is reused,Year + physical Pasture only (user-requested),"Retained lmerTest/emmeans; KR when feasible, otherwise recorded Satterthwaite",Not verified: original input datasets unavailable,P,No separate pasture-year random intercept; pasture-period residual correlation beyond Year/Pasture is not modeled,"TRT * SR + Period (RGP/RotationPeriod source alias); additive period, no management-by-period interactions"
OTHER PERIOD TABLES,period_pasture,period_level_grazing_productivity,CO2_g_per_active_ha_inside_rgp,period,pasture,,Gaussian identity,One new retained response/design model unless a documented equivalent source is reused,Year + physical Pasture only (user-requested),"Retained lmerTest/emmeans; KR when feasible, otherwise recorded Satterthwaite",Not verified: original input datasets unavailable,P,No separate pasture-year random intercept; pasture-period residual correlation beyond Year/Pasture is not modeled,"TRT * SR + Period (RGP/RotationPeriod source alias); additive period, no management-by-period interactions"
OTHER PERIOD TABLES,period_pasture,period_level_grazing_productivity,GHG_g_per_active_ha_all_pasture,period,pasture,,Gaussian identity,One new retained response/design model unless a documented equivalent source is reused,Year + physical Pasture only (user-requested),"Retained lmerTest/emmeans; KR when feasible, otherwise recorded Satterthwaite",Not verified: original input datasets unavailable,P,No separate pasture-year random intercept; pasture-period residual correlation beyond Year/Pasture is not modeled,"TRT * SR + Period (RGP/RotationPeriod source alias); additive period, no management-by-period interactions"
OTHER PERIOD TABLES,period_pasture,period_level_grazing_productivity,GHG_g_per_active_ha_inside_rgp,period,pasture,,Gaussian identity,One new retained response/design model unless a documented equivalent source is reused,Year + physical Pasture only (user-requested),"Retained lmerTest/emmeans; KR when feasible, otherwise recorded Satterthwaite",Not verified: original input datasets unavailable,P,No separate pasture-year random intercept; pasture-period residual correlation beyond Year/Pasture is not modeled,"TRT * SR + Period (RGP/RotationPeriod source alias); additive period, no management-by-period interactions"
OTHER PERIOD TABLES,period_pasture,period_level_grazing_productivity,CH4_g_per_kg_LWG,period,pasture,,Gaussian identity,One new retained response/design model unless a documented equivalent source is reused,Year + physical Pasture only (user-requested),"Retained lmerTest/emmeans; KR when feasible, otherwise recorded Satterthwaite",Not verified: original input datasets unavailable,P,No separate pasture-year random intercept; pasture-period residual correlation beyond Year/Pasture is not modeled,"TRT * SR + Period (RGP/RotationPeriod source alias); additive period, no management-by-period interactions"
OTHER PERIOD TABLES,period_pasture,period_level_grazing_productivity,CO2_g_per_kg_LWG,period,pasture,,Gaussian identity,One new retained response/design model unless a documented equivalent source is reused,Year + physical Pasture only (user-requested),"Retained lmerTest/emmeans; KR when feasible, otherwise recorded Satterthwaite",Not verified: original input datasets unavailable,P,No separate pasture-year random intercept; pasture-period residual correlation beyond Year/Pasture is not modeled,"TRT * SR + Period (RGP/RotationPeriod source alias); additive period, no management-by-period interactions"
OTHER PERIOD TABLES,period_pasture,period_level_grazing_productivity,GHG_g_per_kg_LWG,period,pasture,,Gaussian identity,One new retained response/design model unless a documented equivalent source is reused,Year + physical Pasture only (user-requested),"Retained lmerTest/emmeans; KR when feasible, otherwise recorded Satterthwaite",Not verified: original input datasets unavailable,P,No separate pasture-year random intercept; pasture-period residual correlation beyond Year/Pasture is not modeled,"TRT * SR + Period (RGP/RotationPeriod source alias); additive period, no management-by-period interactions"
WHOLE-SEASON TABLES,season_pasture,whole_season_grazing_productivity,total_LWG_kg,season,pasture,,Gaussian identity,One new retained response/design model unless a documented equivalent source is reused,Year + physical Pasture only (user-requested),"Retained lmerTest/emmeans; KR when feasible, otherwise recorded Satterthwaite",Not verified: original input datasets unavailable,S,Year/Pasture random intercepts only; independent treatment replication remains limited,TRT * SR (preserved baseline)
WHOLE-SEASON TABLES,season_pasture,whole_season_grazing_productivity,mean_Shrunk_Initial_BW_kg,season,pasture,,Gaussian identity,One new retained response/design model unless a documented equivalent source is reused,Year + physical Pasture only (user-requested),"Retained lmerTest/emmeans; KR when feasible, otherwise recorded Satterthwaite",Not verified: original input datasets unavailable,S,Year/Pasture random intercepts only; independent treatment replication remains limited,TRT * SR (preserved baseline)
WHOLE-SEASON TABLES,season_pasture,whole_season_grazing_productivity,mean_Shrunk_Final_BW_kg,season,pasture,,Gaussian identity,One new retained response/design model unless a documented equivalent source is reused,Year + physical Pasture only (user-requested),"Retained lmerTest/emmeans; KR when feasible, otherwise recorded Satterthwaite",Not verified: original input datasets unavailable,S,Year/Pasture random intercepts only; independent treatment replication remains limited,TRT * SR (preserved baseline)
WHOLE-SEASON TABLES,season_pasture,whole_season_grazing_productivity,mean_Whole_Season_Smooth_ADG_kg_day,season,pasture,,Gaussian identity,One new retained response/design model unless a documented equivalent source is reused,Year + physical Pasture only (user-requested),"Retained lmerTest/emmeans; KR when feasible, otherwise recorded Satterthwaite",Not verified: original input datasets unavailable,S,Year/Pasture random intercepts only; independent treatment replication remains limited,TRT * SR (preserved baseline)
WHOLE-SEASON TABLES,season_pasture,whole_season_grazing_productivity,whole_season_animal_avg_CH4_g_day,season,pasture,,Gaussian identity,One new retained response/design model unless a documented equivalent source is reused,Year + physical Pasture only (user-requested),"Retained lmerTest/emmeans; KR when feasible, otherwise recorded Satterthwaite",Not verified: original input datasets unavailable,S,Year/Pasture random intercepts only; independent treatment replication remains limited,TRT * SR (preserved baseline)
WHOLE-SEASON TABLES,season_pasture,whole_season_grazing_productivity,whole_season_animal_avg_CO2_g_day,season,pasture,,Gaussian identity,One new retained response/design model unless a documented equivalent source is reused,Year + physical Pasture only (user-requested),"Retained lmerTest/emmeans; KR when feasible, otherwise recorded Satterthwaite",Not verified: original input datasets unavailable,S,Year/Pasture random intercepts only; independent treatment replication remains limited,TRT * SR (preserved baseline)
WHOLE-SEASON TABLES,season_pasture,whole_season_grazing_productivity,CH4_g_per_active_ha_day_whole_season,season,pasture,,Gaussian identity,One new retained response/design model unless a documented equivalent source is reused,Year + physical Pasture only (user-requested),"Retained lmerTest/emmeans; KR when feasible, otherwise recorded Satterthwaite",Not verified: original input datasets unavailable,S,Year/Pasture random intercepts only; independent treatment replication remains limited,TRT * SR (preserved baseline)
WHOLE-SEASON TABLES,season_pasture,whole_season_grazing_productivity,CO2_g_per_active_ha_day_whole_season,season,pasture,,Gaussian identity,One new retained response/design model unless a documented equivalent source is reused,Year + physical Pasture only (user-requested),"Retained lmerTest/emmeans; KR when feasible, otherwise recorded Satterthwaite",Not verified: original input datasets unavailable,S,Year/Pasture random intercepts only; independent treatment replication remains limited,TRT * SR (preserved baseline)
WHOLE-SEASON TABLES,season_pasture,whole_season_grazing_productivity,ADG_Land_kg_per_active_ha_day_whole_season,season,pasture,,Gaussian identity,One new retained response/design model unless a documented equivalent source is reused,Year + physical Pasture only (user-requested),"Retained lmerTest/emmeans; KR when feasible, otherwise recorded Satterthwaite",Not verified: original input datasets unavailable,S,Year/Pasture random intercepts only; independent treatment replication remains limited,TRT * SR (preserved baseline)
WHOLE-SEASON TABLES,season_pasture,whole_season_grazing_productivity,GHG_g_per_active_ha_whole_season,season,pasture,,Gaussian identity,One new retained response/design model unless a documented equivalent source is reused,Year + physical Pasture only (user-requested),"Retained lmerTest/emmeans; KR when feasible, otherwise recorded Satterthwaite",Not verified: original input datasets unavailable,S,Year/Pasture random intercepts only; independent treatment replication remains limited,TRT * SR (preserved baseline)
WHOLE-SEASON TABLES,season_pasture,whole_season_grazing_productivity,CH4_g_per_kg_LWG_whole_season,season,pasture,,Gaussian identity,One new retained response/design model unless a documented equivalent source is reused,Year + physical Pasture only (user-requested),"Retained lmerTest/emmeans; KR when feasible, otherwise recorded Satterthwaite",Not verified: original input datasets unavailable,S,Year/Pasture random intercepts only; independent treatment replication remains limited,TRT * SR (preserved baseline)
WHOLE-SEASON TABLES,season_pasture,whole_season_grazing_productivity,CO2_g_per_kg_LWG_whole_season,season,pasture,,Gaussian identity,One new retained response/design model unless a documented equivalent source is reused,Year + physical Pasture only (user-requested),"Retained lmerTest/emmeans; KR when feasible, otherwise recorded Satterthwaite",Not verified: original input datasets unavailable,S,Year/Pasture random intercepts only; independent treatment replication remains limited,TRT * SR (preserved baseline)
WHOLE-SEASON TABLES,season_pasture,whole_season_grazing_productivity,GHG_g_per_kg_LWG_whole_season,season,pasture,,Gaussian identity,One new retained response/design model unless a documented equivalent source is reused,Year + physical Pasture only (user-requested),"Retained lmerTest/emmeans; KR when feasible, otherwise recorded Satterthwaite",Not verified: original input datasets unavailable,S,Year/Pasture random intercepts only; independent treatment replication remains limited,TRT * SR (preserved baseline)
SHRUNK BW — SEASON,shrunk_season,shrunk_bw_season_analysis,Whole_Season_CH4_g_day,season,animal,SEID,Gaussian identity,Reuse equivalent Dressler animal-season fit; unequal endpoint-linked subset is explicitly labeled sensitivity,Year + physical Pasture only (user-requested),"Retained lmerTest/emmeans; KR when feasible, otherwise recorded Satterthwaite",Not verified: original input datasets unavailable,S,Year/Pasture random intercepts only; independent treatment replication remains limited,TRT * SR (preserved baseline)
SHRUNK BW — SEASON,shrunk_season,shrunk_bw_season_analysis,Whole_Season_CO2_g_day,season,animal,SEID,Gaussian identity,Reuse equivalent Dressler animal-season fit; unequal endpoint-linked subset is explicitly labeled sensitivity,Year + physical Pasture only (user-requested),"Retained lmerTest/emmeans; KR when feasible, otherwise recorded Satterthwaite",Not verified: original input datasets unavailable,S,Year/Pasture random intercepts only; independent treatment replication remains limited,TRT * SR (preserved baseline)
SHRUNK BW — SEASON,shrunk_season,shrunk_bw_season_analysis,Whole_Season_Smooth_ADG_kg_day,season,animal,SEID,Gaussian identity,One new retained response/design model unless a documented equivalent source is reused,Year + physical Pasture only (user-requested),"Retained lmerTest/emmeans; KR when feasible, otherwise recorded Satterthwaite",Not verified: original input datasets unavailable,S,Year/Pasture random intercepts only; independent treatment replication remains limited,TRT * SR (preserved baseline)
SHRUNK BW — PERIOD,shrunk_period,shrunk_bw_period_analysis,RGP_CH4_g_day,period,animal,SEID,Gaussian identity,Main animal-period Gaussian model uses existing valid-visit means; optional Q minimum visits/sampling days do not gate this analysis,Year + physical Pasture only (user-requested),"Retained lmerTest/emmeans; KR when feasible, otherwise recorded Satterthwaite",Not verified: original input datasets unavailable,A,No animal or pasture-year random intercept; within-animal and pasture-year residual correlation is not modeled separately,"TRT * SR + Period (RGP/RotationPeriod source alias); additive period, no management-by-period interactions"
SHRUNK BW — PERIOD,shrunk_period,shrunk_bw_period_analysis,RGP_CO2_g_day,period,animal,SEID,Gaussian identity,Main animal-period Gaussian model uses existing valid-visit means; optional Q minimum visits/sampling days do not gate this analysis,Year + physical Pasture only (user-requested),"Retained lmerTest/emmeans; KR when feasible, otherwise recorded Satterthwaite",Not verified: original input datasets unavailable,A,No animal or pasture-year random intercept; within-animal and pasture-year residual correlation is not modeled separately,"TRT * SR + Period (RGP/RotationPeriod source alias); additive period, no management-by-period interactions"
SHRUNK BW — PERIOD,shrunk_period,shrunk_bw_period_analysis,RGP_Smooth_ADG_kg_day,period,animal,SEID,Gaussian identity,One new retained response/design model unless a documented equivalent source is reused,Year + physical Pasture only (user-requested),"Retained lmerTest/emmeans; KR when feasible, otherwise recorded Satterthwaite",Not verified: original input datasets unavailable,A,No animal or pasture-year random intercept; within-animal and pasture-year residual correlation is not modeled separately,"TRT * SR + Period (RGP/RotationPeriod source alias); additive period, no management-by-period interactions"
